Name,Title,Department,Salary,Age,Gender,Email,Phone Number,Hire Date
Ramesh Kumar,Manager,Finance,60000,35,M,ramesh.kumar@example.com,9876543210,2018-05-15
Sunita Sharma,Engineer,IT,50000,28,F,sunita.sharma@example.com,8765432109,2019-02-20
Deepak Singh,Analyst,Marketing,45000,32,M,deepak.singh@example.com,7654321098,2020-01-10
Priya Patel,Manager,HR,65000,40,F,priya.patel@example.com,6543210987,2017-09-25
Rahul Gupta,Developer,IT,55000,30,M,rahul.gupta@example.com,5432109876,2019-11-12
Pooja Verma,Designer,Marketing,48000,27,F,pooja.verma@example.com,4321098765,2021-03-05
Amit Kumar,Engineer,IT,50000,28,M,amit.kumar@example.com,3210987654,2019-02-20
Rajesh Patel,Analyst,Finance,48000,31,M,rajesh.patel@example.com,2109876543,2020-06-18
Anjali Singh,Manager,HR,65000,39,F,anjali.singh@example.com,1098765432,2017-09-25
Shivani Gupta,Developer,IT,55000,29,F,shivani.gupta@example.com,9876543210,2019-11-12
Sanjay Sharma,Designer,Marketing,45000,26,M,sanjay.sharma@example.com,8765432109,2021-03-05
Ramesh Kumar,Manager,Finance,60000,35,M,ramesh.kumar@example.com,9876543210,2018-05-15
Sunita Sharma,Engineer,IT,50000,28,F,sunita.sharma@example.com,8765432109,2019-02-20
Deepak Singh,Analyst,Marketing,45000,32,M,deepak.singh@example.com,7654321098,2020-01-10
Priya Patel,Manager,HR,65000,40,F,priya.patel@example.com,6543210987,2017-09-25
Rahul Gupta,Developer,IT,55000,30,M,rahul.gupta@example.com,5432109876,2019-11-12
Pooja Verma,Designer,Marketing,48000,27,F,pooja.verma@example.com,4321098765,2021-03-05
Amit Kumar,Engineer,IT,50000,28,M,amit.kumar@example.com,3210987654,2019-02-20
Rajesh Patel,Analyst,Finance,48000,31,M,rajesh.patel@example.com,2109876543,2020-06-18
Anjali Singh,Manager,HR,65000,39,F,anjali.singh@example.com,1098765432,2017-09-25
Shivani Gupta,Developer,IT,55000,29,F,shivani.gupta@example.com,9876543210,2019-11-12
Sanjay Sharma,Designer,Marketing,45000,26,M,sanjay.sharma@example.com,8765432109,2021-03-05
Neha Singh,Analyst,Finance,55000,29,F,neha.singh@example.com,9876543210,2019-04-22
Ravi Patel,Manager,Marketing,65000,35,M,ravi.patel@example.com,8765432109,2018-07-15
Aarti Sharma,Developer,IT,60000,31,F,aarti.sharma@example.com,7654321098,2020-11-10
Vivek Kumar,Designer,HR,48000,26,M,vivek.kumar@example.com,6543210987,2021-02-05
Sneha Gupta,Engineer,IT,50000,27,F,sneha.gupta@example.com,5432109876,2019-08-12
Mohit Verma,Manager,Finance,65000,38,M,mohit.verma@example.com,4321098765,2017-10-25
Divya Patel,Analyst,Marketing,55000,30,F,divya.patel@example.com,3210987654,2020-06-18
Kunal Singh,Developer,IT,60000,32,M,kunal.singh@example.com,2109876543,2018-09-20
Anjali Sharma,Designer,HR,48000,25,F,anjali.sharma@example.com,1098765432,2021-03-05
Rahul Kumar,Engineer,IT,50000,28,M,rahul.kumar@example.com,9876543210,2019-02-20
Priya Gupta,Analyst,Finance,55000,31,F,priya.gupta@example.com,8765432109,2020-01-10
Amit Patel,Manager,Marketing,65000,36,M,amit.patel@example.com,7654321098,2018-04-15
Shreya Verma,Developer,IT,60000,33,F,shreya.verma@example.com,6543210987,2019-11-12
Raj Singh,Designer,HR,48000,27,M,raj.singh@example.com,5432109876,2021-03-05
Neha Singh,Analyst,Finance,55000,29,F,neha.singh@example.com,9876543210,2019-04-22
Ravi Patel,Manager,Marketing,65000,35,M,ravi.patel@example.com,8765432109,2018-07-15
Aarti Sharma,Developer,IT,60000,31,F,aarti.sharma@example.com,7654321098,2020-11-10
Vivek Kumar,Designer,HR,48000,26,M,vivek.kumar@example.com,6543210987,2021-02-05
Sneha Gupta,Engineer,IT,50000,27,F,sneha.gupta@example.com,5432109876,2019-08-12
Mohit Verma,Manager,Finance,65000,38,M,mohit.verma@example.com,4321098765,2017-10-25
Divya Patel,Analyst,Marketing,55000,30,F,divya.patel@example.com,3210987654,2020-06-18
Kunal Singh,Developer,IT,60000,32,M,kunal.singh@example.com,2109876543,2018-09-20
Anjali Sharma,Designer,HR,48000,25,F,anjali.sharma@example.com,1098765432,2021-03-05
Rahul Kumar,Engineer,IT,50000,28,M,rahul.kumar@example.com,9876543210,2019-02-20
Priya Gupta,Analyst,Finance,55000,31,F,priya.gupta@example.com,8765432109,2020-01-10
Amit Patel,Manager,Marketing,65000,36,M,amit.patel@example.com,7654321098,2018-04-15
Shreya Verma,Developer,IT,60000,33,F,shreya.verma@example.com,6543210987,2019-11-12
Raj Singh,Designer,HR,48000,27,M,raj.singh@example.com,5432109876,2021-03-05


